t_s,user_id,step,latency_ms,ok,error
0.041442,10000,start,40.682,1,
0.087619,10000,new_chat,46.084,1,
0.135161,10001,start,32.045,1,
0.182211,10001,new_chat,46.975,1,
0.244120,10002,start,30.754,1,
0.292085,10002,new_chat,47.893,1,
0.338270,10003,start,30.688,1,
0.384161,10003,new_chat,45.823,1,
0.384570,10000,chat_msg,296.851,1,
0.446654,10004,start,31.141,1,
0.493418,10001,chat_msg,311.113,1,
0.493504,10004,new_chat,46.774,1,
0.540912,10005,start,31.518,1,
0.587833,10005,new_chat,46.848,1,
0.603169,10002,chat_msg,310.995,1,
0.634366,10006,start,31.568,1,
0.680967,10006,new_chat,46.519,1,
0.697014,10003,chat_msg,312.786,1,
0.744303,10007,start,31.548,1,
0.791219,10007,new_chat,46.830,1,
0.791694,10004,chat_msg,298.143,1,
0.839357,10008,start,32.201,1,
0.887451,10008,new_chat,48.023,1,
0.887903,10005,chat_msg,299.997,1,
0.887957,10000,chat_msg,300.663,1,
0.935536,10009,start,31.838,1,
0.983240,10009,new_chat,47.613,1,
0.983636,10006,chat_msg,302.580,1,
1.000251,10001,chat_msg,303.619,1,
1.051922,10010,start,50.071,1,
1.094322,10007,chat_msg,302.998,1,
1.094430,10010,new_chat,42.400,1,
1.110058,10002,chat_msg,302.565,1,
1.155108,10011,start,45.765,1,
1.185999,10008,chat_msg,298.474,1,
1.201420,10011,new_chat,46.212,1,
1.201882,10003,chat_msg,298.540,1,
1.246433,10012,start,44.242,1,
1.292646,10009,chat_msg,309.335,1,
1.292742,10012,new_chat,46.207,1,
1.323261,10004,chat_msg,323.545,1,
1.353008,10013,start,45.034,1,
1.400330,10013,new_chat,47.257,1,
1.400630,10000,chat_msg,306.716,1,
1.446410,10005,chat_msg,353.198,1,
1.446488,10010,chat_msg,351.999,1,
1.446534,10014,start,45.099,1,
1.493184,10006,chat_msg,307.655,1,
1.493283,10014,new_chat,46.679,1,
1.508827,10011,chat_msg,307.331,1,
1.508884,10001,chat_msg,306.944,1,
1.540238,10015,start,31.886,1,
1.589343,10015,new_chat,49.019,1,
1.605996,10012,chat_msg,313.183,1,
1.634831,10007,chat_msg,327.252,1,
1.634923,10002,chat_msg,312.122,1,
1.650012,10016,start,44.418,1,
1.699132,10016,new_chat,49.029,1,
1.699387,10013,chat_msg,299.002,1,
1.699438,10008,chat_msg,299.690,1,
1.699475,10003,chat_msg,297.437,1,
1.760187,10017,start,46.342,1,
1.791683,10014,chat_msg,298.334,1,
1.791751,10009,chat_msg,297.996,1,
1.807708,10017,new_chat,47.430,1,
1.823157,10004,chat_msg,299.125,1,
1.839254,10018,start,31.937,1,
1.885226,10018,new_chat,45.928,1,
1.885853,10015,chat_msg,296.438,1,
1.901346,10000,chat_msg,297.019,1,
1.932717,10019,start,30.956,1,
1.963957,10005,chat_msg,313.388,1,
1.964036,10010,chat_msg,313.256,1,
1.979541,10019,new_chat,46.770,1,
2.010723,10016,chat_msg,311.541,1,
2.010794,10006,chat_msg,312.121,1,
2.010847,10011,chat_msg,296.560,1,
2.010894,10001,chat_msg,296.388,1,
2.041565,10020,start,31.236,1,
2.088921,10020,new_chat,47.294,1,
2.119444,10017,chat_msg,311.691,1,
2.119549,10012,chat_msg,311.595,1,
2.135022,10021,start,31.754,1,
2.135511,10007,chat_msg,297.182,1,
2.135574,10002,chat_msg,296.599,1,
2.181609,10021,new_chat,46.511,1,
2.197374,10018,chat_msg,312.059,1,
2.197453,10008,chat_msg,296.059,1,
2.197508,10003,chat_msg,295.937,1,
2.197556,10013,chat_msg,296.509,1,
2.259156,10022,start,46.395,1,
2.290619,10019,chat_msg,310.979,1,
2.290703,10014,chat_msg,296.248,1,
2.290754,10009,chat_msg,295.907,1,
2.307092,10022,new_chat,47.854,1,
2.338548,10004,chat_msg,312.994,1,
2.338596,10023,start,31.882,1,
2.384393,10023,new_chat,45.765,1,
2.384785,10020,chat_msg,295.817,1,
2.384831,10015,chat_msg,296.367,1,
2.415109,10000,chat_msg,311.364,1,
2.446478,10024,start,44.766,1,
2.477405,10005,chat_msg,311.670,1,
2.477475,10010,chat_msg,311.369,1,
2.477527,10021,chat_msg,295.838,1,
2.494200,10024,new_chat,47.661,1,
2.524022,10011,chat_msg,310.472,1,
2.524092,10006,chat_msg,310.747,1,
2.524136,10016,chat_msg,310.998,1,
2.524172,10001,chat_msg,310.449,1,
2.539952,10025,start,31.374,1,
2.587029,10025,new_chat,47.028,1,
2.618198,10022,chat_msg,311.053,1,
2.618254,10012,chat_msg,296.103,1,
2.618307,10017,chat_msg,296.547,1,
2.633302,10026,start,31.168,1,
2.649066,10002,chat_msg,310.734,1,
2.649140,10007,chat_msg,311.623,1,
2.649219,10000,exit_chat,31.337,1,
2.681557,10026,new_chat,48.194,1,
2.696656,10023,chat_msg,312.194,1,
2.712874,10013,chat_msg,312.356,1,
2.712926,10008,chat_msg,312.885,1,
2.712966,10018,chat_msg,313.331,1,
2.713002,10003,chat_msg,312.722,1,
2.743728,10027,start,31.232,1,
2.775229,10001,exit_chat,46.825,1,
2.791303,10027,new_chat,47.502,1,
2.791765,10014,chat_msg,298.032,1,
2.791822,10019,chat_msg,298.422,1,
2.791866,10009,chat_msg,297.915,1,
2.791905,10024,chat_msg,297.662,1,
2.839228,10028,start,31.913,1,
2.839773,10004,chat_msg,300.370,1,
2.900206,10028,new_chat,60.906,1,
2.900769,10020,chat_msg,314.184,1,
2.900832,10025,chat_msg,313.748,1,
2.900878,10015,chat_msg,313.563,1,
2.900925,10002,exit_chat,46.621,1,
2.946672,10029,start,45.091,1,
2.962000,10003,exit_chat,45.287,1,
2.992793,10005,chat_msg,312.062,1,
2.992878,10010,chat_msg,311.742,1,
2.992927,10021,chat_msg,311.576,1,
2.992968,10026,chat_msg,311.367,1,
2.994033,10029,new_chat,47.288,1,
3.039527,10006,chat_msg,311.494,1,
3.039634,10016,chat_msg,311.410,1,
3.039702,10011,chat_msg,311.970,1,
3.039760,10030,start,31.155,1,
3.085034,10004,exit_chat,44.789,1,
3.085239,10030,new_chat,45.413,1,
3.101205,10027,chat_msg,309.823,1,
3.132442,10022,chat_msg,309.056,1,
3.132562,10012,chat_msg,308.875,1,
3.132617,10017,chat_msg,308.741,1,
3.148070,10031,start,45.490,1,
3.163577,10007,chat_msg,308.883,1,
3.196444,10031,new_chat,48.293,1,
3.210986,10028,chat_msg,310.692,1,
3.211053,10023,chat_msg,310.068,1,
3.225769,10008,chat_msg,309.598,1,
3.225872,10018,chat_msg,309.419,1,
3.225935,10013,chat_msg,310.291,1,
3.241855,10005,exit_chat,46.330,1,
3.243072,10032,start,32.590,1,
3.288448,10006,exit_chat,46.502,1,
3.288585,10032,new_chat,45.459,1,
3.304797,10024,chat_msg,310.975,1,
3.304860,10014,chat_msg,311.832,1,
3.304904,10029,chat_msg,310.837,1,
3.304945,10009,chat_msg,311.323,1,
3.304985,10019,chat_msg,311.581,1,
3.335391,10033,start,30.903,1,
3.381600,10033,new_chat,46.146,1,
3.397731,10030,chat_msg,312.410,1,
3.397823,10015,chat_msg,295.500,1,
3.397876,10025,chat_msg,295.913,1,
3.397928,10020,chat_msg,296.618,1,
3.397980,10007,exit_chat,32.278,1,
3.459462,10034,start,46.372,1,
3.460856,10008,exit_chat,32.543,1,
3.508264,10010,chat_msg,312.374,1,
3.508339,10031,chat_msg,311.851,1,
3.508390,10021,chat_msg,312.303,1,
3.508433,10026,chat_msg,312.172,1,
3.508481,10034,new_chat,48.907,1,
3.553627,10035,start,46.916,1,
3.554244,10011,chat_msg,311.538,1,
3.554309,10016,chat_msg,311.934,1,
3.554366,10009,exit_chat,46.516,1,
3.585100,10032,chat_msg,296.442,1,
3.601854,10035,new_chat,48.096,1,
3.602144,10027,chat_msg,298.081,1,
3.647026,10012,chat_msg,312.171,1,
3.647118,10017,chat_msg,312.014,1,
3.647169,10022,chat_msg,312.771,1,
3.647213,10036,start,44.845,1,
3.693169,10033,chat_msg,311.477,1,
3.693404,10036,new_chat,46.139,1,
3.725077,10023,chat_msg,311.191,1,
3.725167,10028,chat_msg,311.533,1,
3.725232,10013,chat_msg,296.193,1,
3.725288,10018,chat_msg,296.537,1,
3.740493,10037,start,30.984,1,
3.756301,10010,exit_chat,46.274,1,
3.787417,10037,new_chat,46.839,1,
3.788396,10011,exit_chat,31.914,1,
3.817524,10024,chat_msg,310.311,1,
3.817631,10014,chat_msg,310.174,1,
3.817844,10034,chat_msg,309.323,1,
3.817919,10019,chat_msg,309.888,1,
3.817975,10029,chat_msg,310.314,1,
3.847737,10038,start,45.874,1,
3.893501,10012,exit_chat,45.224,1,
3.894057,10038,new_chat,46.241,1,
3.909116,10015,chat_msg,308.020,1,
3.909179,10025,chat_msg,307.790,1,
3.909224,10035,chat_msg,307.317,1,
3.909266,10030,chat_msg,308.668,1,
3.909306,10020,chat_msg,307.684,1,
3.940916,10039,start,32.278,1,
3.986394,10013,exit_chat,45.955,1,
3.986642,10039,new_chat,45.674,1,
4.001441,10036,chat_msg,307.977,1,
4.032249,10031,chat_msg,321.964,1,
4.032354,10026,chat_msg,321.667,1,
4.032418,10021,chat_msg,321.929,1,
4.033986,10040,start,32.421,1,
4.078614,10016,chat_msg,321.731,1,
4.078725,10014,exit_chat,45.783,1,
4.078855,10040,new_chat,44.827,1,
4.094158,10037,chat_msg,306.684,1,
4.094281,10032,chat_msg,307.276,1,
4.110073,10027,chat_msg,307.760,1,
4.141629,10041,start,32.037,1,
4.157525,10017,chat_msg,308.926,1,
4.157625,10022,chat_msg,308.788,1,
4.157688,10015,exit_chat,47.552,1,
4.188944,10041,new_chat,47.228,1,
4.205074,10038,chat_msg,310.973,1,
4.205145,10033,chat_msg,311.537,1,
4.236307,10042,start,32.030,1,
4.236560,10023,chat_msg,297.017,1,
4.236609,10028,chat_msg,296.474,1,
4.236646,10018,chat_msg,295.973,1,
4.283032,10042,new_chat,46.681,1,
4.298767,10039,chat_msg,312.066,1,
4.314844,10016,exit_chat,32.381,1,
4.344764,10034,chat_msg,311.567,1,
4.344867,10029,chat_msg,311.245,1,
4.344928,10024,chat_msg,312.437,1,
4.344983,10019,chat_msg,311.584,1,
4.345035,10043,start,31.588,1,
4.375827,10040,chat_msg,296.915,1,
4.390749,10043,new_chat,45.650,1,
4.406161,10017,exit_chat,45.696,1,
4.407333,10030,chat_msg,296.476,1,
4.407387,10020,chat_msg,296.341,1,
4.407426,10025,chat_msg,296.996,1,
4.407463,10035,chat_msg,296.804,1,
4.453129,10044,start,46.854,1,
4.498785,10041,chat_msg,309.750,1,
4.498884,10018,exit_chat,46.014,1,
4.498942,10044,new_chat,45.766,1,
4.514784,10036,chat_msg,310.037,1,
4.545780,10031,chat_msg,310.405,1,
4.545871,10026,chat_msg,310.031,1,
4.545920,10021,chat_msg,309.820,1,
4.545969,10045,start,31.663,1,
4.592035,10042,chat_msg,308.935,1,
4.592205,10019,exit_chat,45.185,1,
4.592274,10045,new_chat,46.254,1,
4.608230,10032,chat_msg,309.762,1,
4.608294,10037,chat_msg,310.258,1,
4.623118,10027,chat_msg,309.200,1,
4.638544,10046,start,31.013,1,
4.653782,10020,exit_chat,45.172,1,
4.669822,10022,chat_msg,308.970,1,
4.685417,10046,new_chat,46.786,1,
4.700945,10043,chat_msg,310.118,1,
4.715999,10033,chat_msg,308.943,1,
4.716066,10038,chat_msg,309.329,1,
4.746657,10047,start,45.131,1,
4.761972,10028,chat_msg,309.409,1,
4.762038,10023,chat_msg,309.973,1,
4.792916,10021,exit_chat,45.315,1,
4.793028,10047,new_chat,46.293,1,
4.809227,10044,chat_msg,310.229,1,
4.809293,10039,chat_msg,309.792,1,
4.839322,10048,start,30.579,1,
4.855344,10029,chat_msg,308.721,1,
4.855428,10024,chat_msg,308.603,1,
4.855488,10034,chat_msg,309.092,1,
4.886405,10040,chat_msg,309.487,1,
4.886482,10048,new_chat,47.091,1,
4.901826,10045,chat_msg,309.500,1,
4.902635,10022,exit_chat,31.592,1,
4.917737,10035,chat_msg,308.665,1,
4.917801,10030,chat_msg,309.439,1,
4.917845,10025,chat_msg,309.024,1,
4.947751,10049,start,45.428,1,
4.994344,10046,chat_msg,308.851,1,
4.994429,10049,new_chat,46.597,1,
4.995601,10023,exit_chat,31.649,1,
4.995799,10041,chat_msg,295.375,1,
5.025389,10036,chat_msg,309.795,1,
5.040841,10050,start,31.188,1,
5.057074,10031,chat_msg,309.957,1,
5.057147,10026,chat_msg,309.778,1,
5.088366,10050,new_chat,47.453,1,
5.089157,10047,chat_msg,296.053,1,
5.089220,10042,chat_msg,295.745,1,
5.089911,10024,exit_chat,32.368,1,
5.120412,10037,chat_msg,310.728,1,
5.120476,10032,chat_msg,311.111,1,
5.120523,10027,chat_msg,296.488,1,
5.135431,10051,start,32.362,1,
5.166541,10025,exit_chat,46.383,1,
5.182593,10051,new_chat,47.069,1,
5.198060,10048,chat_msg,311.522,1,
5.213605,10043,chat_msg,311.677,1,
5.213692,10033,chat_msg,296.673,1,
5.213749,10038,chat_msg,296.285,1,
5.244880,10052,start,31.750,1,
5.261917,10028,chat_msg,298.405,1,
5.292672,10052,new_chat,47.700,1,
5.293092,10049,chat_msg,298.605,1,
5.293629,10026,exit_chat,32.163,1,
5.307864,10044,chat_msg,297.777,1,
5.307938,10039,chat_msg,297.560,1,
5.339284,10053,start,31.860,1,
5.354562,10034,chat_msg,296.801,1,
5.354625,10029,chat_msg,297.417,1,
5.369866,10027,exit_chat,45.867,1,
5.386406,10053,new_chat,47.022,1,
5.386916,10050,chat_msg,298.503,1,
5.386976,10040,chat_msg,298.972,1,
5.402236,10045,chat_msg,298.747,1,
5.418491,10030,chat_msg,298.582,1,
5.418567,10035,chat_msg,298.977,1,
5.433578,10054,start,31.277,1,
5.480699,10054,new_chat,47.048,1,
5.481131,10051,chat_msg,298.463,1,
5.496611,10046,chat_msg,299.118,1,
5.496679,10041,chat_msg,298.852,1,
5.496761,10028,exit_chat,32.020,1,
5.527142,10036,chat_msg,297.811,1,
5.542208,10055,start,30.914,1,
5.558657,10031,chat_msg,297.816,1,
5.590131,10055,new_chat,47.866,1,
5.590368,10052,chat_msg,297.625,1,
5.590412,10047,chat_msg,298.546,1,
5.590452,10042,chat_msg,298.178,1,
5.590596,10029,exit_chat,32.137,1,
5.622045,10032,chat_msg,298.273,1,
5.622104,10037,chat_msg,298.652,1,
5.637358,10056,start,31.951,1,
5.667644,10030,exit_chat,46.270,1,
5.684001,10056,new_chat,46.571,1,
5.684259,10053,chat_msg,297.767,1,
5.699475,10048,chat_msg,297.572,1,
5.715070,10033,chat_msg,297.147,1,
5.715119,10038,chat_msg,296.912,1,
5.715159,10043,chat_msg,297.604,1,
5.745496,10057,start,30.738,1,
5.777278,10054,chat_msg,296.504,1,
5.793127,10057,new_chat,47.539,1,
5.793344,10049,chat_msg,297.212,1,
5.793410,10031,exit_chat,31.857,1,
5.808711,10044,chat_msg,297.132,1,
5.808756,10039,chat_msg,296.987,1,
5.839633,10058,start,31.208,1,
5.855008,10034,chat_msg,296.798,1,
5.870619,10032,exit_chat,46.929,1,
5.886717,10058,new_chat,47.015,1,
5.902033,10055,chat_msg,311.860,1,
5.902082,10040,chat_msg,312.171,1,
5.902119,10050,chat_msg,312.509,1,
5.918214,10045,chat_msg,312.358,1,
5.918289,10035,chat_msg,296.507,1,
5.932470,10059,start,30.309,1,
5.962463,10033,exit_chat,45.147,1,
5.978264,10059,new_chat,45.697,1,
5.993048,10051,chat_msg,309.408,1,
5.993148,10056,chat_msg,309.103,1,
6.009317,10046,chat_msg,310.398,1,
6.009377,10041,chat_msg,310.133,1,
6.039559,10036,chat_msg,309.218,1,
6.039647,10060,start,30.630,1,
6.086415,10060,new_chat,46.711,1,
6.102209,10057,chat_msg,309.043,1,
6.102280,10052,chat_msg,309.854,1,
6.102336,10047,chat_msg,309.588,1,
6.102382,10042,chat_msg,309.440,1,
6.102799,10034,exit_chat,32.182,1,
6.133830,10037,chat_msg,309.750,1,
6.133885,10061,start,31.439,1,
6.180417,10035,exit_chat,46.792,1,
6.180612,10061,new_chat,46.694,1,
6.196607,10053,chat_msg,310.187,1,
6.196659,10058,chat_msg,309.904,1,
6.212151,10048,chat_msg,310.370,1,
6.226927,10043,chat_msg,309.008,1,
6.226982,10038,chat_msg,309.325,1,
6.243046,10062,start,31.648,1,
6.275331,10054,chat_msg,297.413,1,
6.275414,10059,chat_msg,297.107,1,
6.275468,10036,exit_chat,32.722,1,
6.291046,10062,new_chat,47.959,1,
6.321541,10049,chat_msg,313.017,1,
6.321614,10044,chat_msg,312.162,1,
6.321663,10039,chat_msg,311.958,1,
6.337124,10063,start,30.777,1,
6.368594,10037,exit_chat,31.875,1,
6.383624,10063,new_chat,46.443,1,
6.384107,10060,chat_msg,297.607,1,
6.400289,10055,chat_msg,297.409,1,
6.400344,10040,chat_msg,297.207,1,
6.400389,10050,chat_msg,297.066,1,
6.431260,10045,chat_msg,297.995,1,
6.432037,10064,start,30.488,1,
6.476707,10038,exit_chat,45.716,1,
6.477278,10064,new_chat,45.201,1,
6.477492,10061,chat_msg,296.816,1,
6.509019,10051,chat_msg,312.985,1,
6.509091,10056,chat_msg,312.703,1,
6.509147,10041,chat_msg,297.215,1,
6.509195,10046,chat_msg,297.523,1,
6.539164,10065,start,30.728,1,
6.570676,10039,exit_chat,46.771,1,
6.586833,10065,new_chat,47.618,1,
6.602514,10062,chat_msg,311.399,1,
6.617095,10057,chat_msg,310.304,1,
6.617182,10042,chat_msg,309.802,1,
6.617241,10052,chat_msg,310.232,1,
6.617280,10047,chat_msg,310.077,1,
6.633000,10066,start,30.418,1,
6.634265,10040,exit_chat,32.214,1,
6.680051,10066,new_chat,46.994,1,
6.694552,10063,chat_msg,310.834,1,
6.711801,10053,chat_msg,312.341,1,
6.711847,10058,chat_msg,311.986,1,
6.711899,10048,chat_msg,296.781,1,
6.741597,10043,chat_msg,311.042,1,
6.741696,10067,start,30.974,1,
6.756931,10041,exit_chat,45.447,1,
6.787577,10054,chat_msg,310.806,1,
6.787638,10059,chat_msg,310.560,1,
6.787689,10064,chat_msg,310.375,1,
6.787731,10067,new_chat,45.977,1,
6.834426,10049,chat_msg,311.152,1,
6.834499,10044,chat_msg,310.863,1,
6.834544,10068,start,31.124,1,
6.866641,10042,exit_chat,46.955,1,
6.882441,10068,new_chat,47.863,1,
6.898910,10065,chat_msg,312.038,1,
6.898976,10060,chat_msg,312.432,1,
6.915131,10050,chat_msg,312.849,1,
6.915182,10055,chat_msg,313.399,1,
6.929563,10045,chat_msg,297.068,1,
6.945510,10069,start,31.502,1,
6.991664,10066,chat_msg,311.550,1,
6.991739,10061,chat_msg,312.143,1,
6.991910,10043,exit_chat,46.772,1,
6.992760,10069,new_chat,47.183,1,
7.023114,10051,chat_msg,312.028,1,
7.023208,10056,chat_msg,311.889,1,
7.023272,10046,chat_msg,311.634,1,
7.038830,10070,start,31.438,1,
7.085478,10044,exit_chat,46.847,1,
7.085571,10070,new_chat,46.704,1,
7.086048,10067,chat_msg,298.275,1,
7.101374,10062,chat_msg,297.684,1,
7.117255,10057,chat_msg,297.971,1,
7.117307,10047,chat_msg,296.981,1,
7.117348,10052,chat_msg,297.318,1,
7.132507,10071,start,31.058,1,
7.178789,10045,exit_chat,46.547,1,
7.178977,10071,new_chat,46.429,1,
7.195077,10068,chat_msg,312.583,1,
7.211349,10063,chat_msg,312.870,1,
7.211398,10058,chat_msg,296.751,1,
7.211436,10053,chat_msg,297.077,1,
7.211472,10048,chat_msg,296.618,1,
7.241897,10072,start,30.876,1,
7.273713,10046,exit_chat,46.679,1,
7.289304,10072,new_chat,47.351,1,
7.289563,10059,chat_msg,297.187,1,
7.289615,10064,chat_msg,297.049,1,
7.289655,10069,chat_msg,296.857,1,
7.289695,10054,chat_msg,297.716,1,
7.336261,10073,start,31.887,1,
7.336710,10049,chat_msg,298.384,1,
7.367874,10047,exit_chat,47.195,1,
7.383478,10073,new_chat,47.143,1,
7.384004,10070,chat_msg,298.358,1,
7.399624,10060,chat_msg,298.455,1,
7.399674,10065,chat_msg,298.816,1,
7.416234,10055,chat_msg,299.282,1,
7.416287,10050,chat_msg,299.649,1,
7.446104,10074,start,31.101,1,
7.461231,10048,exit_chat,45.185,1,
7.477481,10071,chat_msg,298.454,1,
7.493767,10074,new_chat,47.600,1,
7.493996,10066,chat_msg,299.550,1,
7.494041,10061,chat_msg,299.250,1,
7.539095,10051,chat_msg,312.542,1,
7.539198,10056,chat_msg,312.370,1,
7.539540,10075,start,31.552,1,
7.585709,10049,exit_chat,46.445,1,
7.586072,10075,new_chat,46.496,1,
7.586304,10067,chat_msg,297.427,1,
7.586350,10072,chat_msg,296.997,1,
7.616773,10062,chat_msg,311.980,1,
7.617282,10057,chat_msg,296.862,1,
7.617329,10052,chat_msg,296.440,1,
7.647314,10076,start,45.624,1,
7.648370,10050,exit_chat,31.285,1,
7.694466,10073,chat_msg,310.902,1,
7.694526,10076,new_chat,47.150,1,
7.709843,10068,chat_msg,310.486,1,
7.725065,10063,chat_msg,309.658,1,
7.725133,10058,chat_msg,309.487,1,
7.725197,10053,chat_msg,309.338,1,
7.740841,10077,start,31.437,1,
7.787263,10051,exit_chat,46.948,1,
7.787828,10077,new_chat,46.948,1,
7.802952,10069,chat_msg,309.618,1,
7.802999,10054,chat_msg,309.439,1,
7.803038,10074,chat_msg,309.230,1,
7.803074,10064,chat_msg,310.030,1,
7.803109,10059,chat_msg,310.408,1,
7.833493,10078,start,30.819,1,
7.864956,10052,exit_chat,46.049,1,
7.880373,10078,new_chat,46.796,1,
7.896310,10070,chat_msg,310.538,1,
7.896363,10075,chat_msg,310.253,1,
7.911824,10060,chat_msg,310.962,1,
7.911874,10065,chat_msg,310.749,1,
7.927966,10055,chat_msg,311.132,1,
7.942438,10079,start,31.102,1,
7.973967,10053,exit_chat,46.191,1,
7.989544,10071,chat_msg,310.938,1,
7.989650,10079,new_chat,47.138,1,
8.006642,10061,chat_msg,311.531,1,
8.006696,10066,chat_msg,311.774,1,
8.006738,10076,chat_msg,312.169,1,
8.036424,10080,start,31.230,1,
8.036928,10056,chat_msg,296.299,1,
8.052486,10054,exit_chat,46.620,1,
8.083544,10080,new_chat,47.042,1,
8.084049,10077,chat_msg,296.185,1,
8.084114,10067,chat_msg,296.786,1,
8.084168,10072,chat_msg,296.540,1,
8.116120,10062,chat_msg,297.834,1,
8.116172,10057,chat_msg,297.535,1,
8.146475,10081,start,31.062,1,
8.162580,10055,exit_chat,31.644,1,
8.177821,10078,chat_msg,297.385,1,
8.194081,10081,new_chat,47.516,1,
8.194347,10073,chat_msg,298.433,1,
8.210721,10068,chat_msg,299.099,1,
8.224888,10058,chat_msg,297.303,1,
8.224977,10063,chat_msg,297.629,1,
8.240923,10082,start,31.214,1,
8.272639,10056,exit_chat,32.037,1,
8.289368,10082,new_chat,48.405,1,
8.289593,10079,chat_msg,299.866,1,
8.304374,10074,chat_msg,298.292,1,
8.304430,10059,chat_msg,297.973,1,
8.304470,10064,chat_msg,298.192,1,
8.304506,10069,chat_msg,298.891,1,
8.335339,10083,start,31.398,1,
8.366327,10057,exit_chat,46.358,1,
8.381950,10083,new_chat,46.539,1,
8.382250,10080,chat_msg,298.611,1,
8.397811,10075,chat_msg,298.142,1,
8.397899,10070,chat_msg,298.519,1,
8.413284,10065,chat_msg,297.359,1,
8.413350,10060,chat_msg,297.625,1,
8.443113,10084,start,30.537,1,
8.473954,10058,exit_chat,45.997,1,
8.489520,10084,new_chat,46.314,1,
8.520407,10071,chat_msg,326.859,1,
8.520502,10081,chat_msg,326.378,1,
8.520557,10076,chat_msg,310.015,1,
8.520610,10066,chat_msg,310.271,1,
8.520656,10061,chat_msg,310.590,1,
8.535800,10085,start,30.815,1,
8.551784,10059,exit_chat,46.180,1,
8.583316,10085,new_chat,47.457,1,
8.599495,10077,chat_msg,311.096,1,
8.599551,10072,chat_msg,310.452,1,
8.599591,10067,chat_msg,310.778,1,
8.599627,10082,chat_msg,310.218,1,
8.630696,10062,chat_msg,311.204,1,
8.646339,10086,start,31.682,1,
8.646663,10060,exit_chat,31.317,1,
8.692891,10078,chat_msg,311.351,1,
8.692976,10083,chat_msg,310.959,1,
8.693043,10086,new_chat,46.639,1,
8.708868,10073,chat_msg,311.417,1,
8.725712,10068,chat_msg,312.722,1,
8.725770,10063,chat_msg,297.472,1,
8.739566,10087,start,31.096,1,
8.770406,10061,exit_chat,44.886,1,
8.785508,10087,new_chat,45.882,1,
8.785923,10084,chat_msg,296.352,1,
8.785975,10079,chat_msg,296.061,1,
8.802031,10064,chat_msg,296.235,1,
8.802080,10074,chat_msg,296.690,1,
8.802128,10069,chat_msg,296.143,1,
8.832492,10088,start,30.298,1,
8.863656,10062,exit_chat,31.698,1,
8.879641,10088,new_chat,47.104,1,
8.895450,10080,chat_msg,311.805,1,
8.895503,10085,chat_msg,312.132,1,
8.911301,10075,chat_msg,311.636,1,
8.911368,10070,chat_msg,311.417,1,
8.911487,10065,chat_msg,296.384,1,
8.941938,10089,start,31.315,1,
8.973490,10063,exit_chat,46.531,1,
8.989881,10089,new_chat,47.868,1,
9.005366,10086,chat_msg,312.260,1,
9.020485,10066,chat_msg,295.147,1,
9.020569,10071,chat_msg,296.228,1,
9.020641,10081,chat_msg,295.875,1,
9.020700,10076,chat_msg,295.629,1,
9.035604,10090,start,31.094,1,
9.051339,10064,exit_chat,46.530,1,
9.082358,10090,new_chat,46.682,1,
9.082948,10087,chat_msg,297.369,1,
9.098418,10067,chat_msg,296.749,1,
9.098470,10072,chat_msg,296.991,1,
9.098508,10077,chat_msg,297.277,1,
9.098542,10082,chat_msg,296.694,1,
9.145353,10091,start,32.012,1,
9.146003,10065,exit_chat,31.629,1,
9.176643,10088,chat_msg,296.927,1,
9.191573,10091,new_chat,46.125,1,
9.192005,10083,chat_msg,296.807,1,
9.192080,10078,chat_msg,297.274,1,
9.207718,10073,chat_msg,296.702,1,
9.223543,10068,chat_msg,296.919,1,
9.239316,10092,start,32.254,1,
9.255619,10066,exit_chat,32.873,1,
9.287992,10092,new_chat,48.631,1,
9.288330,10089,chat_msg,298.408,1,
9.288386,10084,chat_msg,299.168,1,
9.288427,10079,chat_msg,298.871,1,
9.304260,10074,chat_msg,299.256,1,
9.304309,10069,chat_msg,299.125,1,
9.349611,10093,start,45.589,1,
9.350190,10067,exit_chat,47.088,1,
9.380613,10090,chat_msg,298.151,1,
9.395584,10093,new_chat,45.875,1,
9.395822,10080,chat_msg,298.088,1,
9.395866,10085,chat_msg,297.720,1,
9.411762,10070,chat_msg,297.773,1,
9.411821,10075,chat_msg,298.110,1,
9.442200,10094,start,31.064,1,
9.473977,10068,exit_chat,47.253,1,
9.489402,10094,new_chat,47.136,1,
9.489793,10091,chat_msg,298.143,1,
9.505303,10086,chat_msg,297.892,1,
9.535218,10071,chat_msg,312.200,1,
9.535303,10081,chat_msg,312.101,1,
9.535375,10076,chat_msg,312.004,1,
9.535451,10095,start,30.577,1,
9.550691,10069,exit_chat,45.109,1,
9.581813,10095,new_chat,46.305,1,
9.598004,10087,chat_msg,310.394,1,
9.598073,10092,chat_msg,310.037,1,
9.613661,10082,chat_msg,309.828,1,
9.613711,10072,chat_msg,310.267,1,
9.613750,10077,chat_msg,310.105,1,
9.659413,10096,start,46.104,1,
9.660042,10070,exit_chat,46.256,1,
9.690568,10088,chat_msg,310.607,1,
9.706899,10083,chat_msg,311.852,1,
9.706954,10078,chat_msg,311.584,1,
9.706995,10093,chat_msg,311.368,1,
9.707037,10096,new_chat,47.524,1,
9.722412,10073,chat_msg,310.904,1,
9.739272,10097,start,32.758,1,
9.784895,10071,exit_chat,46.465,1,
9.784967,10097,new_chat,45.592,1,
9.801502,10084,chat_msg,311.458,1,
9.801557,10089,chat_msg,311.719,1,
9.801598,10079,chat_msg,311.357,1,
9.801634,10094,chat_msg,312.148,1,
9.817335,10074,chat_msg,311.960,1,
9.832263,10098,start,30.563,1,
9.863398,10072,exit_chat,46.448,1,
9.879374,10098,new_chat,47.060,1,
9.879719,10090,chat_msg,298.226,1,
9.879784,10095,chat_msg,297.928,1,
9.911904,10085,chat_msg,314.180,1,
9.912025,10080,chat_msg,314.646,1,
9.912094,10075,chat_msg,298.114,1,
9.941844,10099,start,31.238,1,
9.957575,10073,exit_chat,30.913,1,
9.988774,10099,new_chat,46.870,1,
9.989313,10091,chat_msg,299.141,1,
10.005237,10086,chat_msg,297.972,1,
10.005312,10096,chat_msg,298.240,1,
10.050492,10081,chat_msg,311.618,1,
10.050589,10076,chat_msg,311.509,1,
10.067346,10074,exit_chat,47.653,1,
10.098529,10097,chat_msg,313.515,1,
10.098588,10087,chat_msg,297.637,1,
10.098631,10092,chat_msg,297.402,1,
10.115041,10082,chat_msg,298.366,1,
10.115093,10077,chat_msg,297.951,1,
10.160450,10075,exit_chat,45.600,1,
10.191291,10098,chat_msg,311.863,1,
10.191405,10088,chat_msg,296.622,1,
10.222361,10078,chat_msg,310.833,1,
10.222439,10093,chat_msg,310.731,1,
10.222522,10083,chat_msg,311.223,1,
10.285676,10099,chat_msg,296.799,1,
10.285761,10076,exit_chat,31.811,1,
10.317146,10089,chat_msg,312.475,1,
10.317202,10094,chat_msg,312.164,1,
10.317242,10084,chat_msg,312.842,1,
10.317278,10079,chat_msg,312.415,1,
10.362966,10077,exit_chat,46.054,1,
10.394586,10095,chat_msg,311.616,1,
10.394647,10090,chat_msg,312.040,1,
10.426147,10085,chat_msg,311.805,1,
10.426209,10080,chat_msg,311.548,1,
10.471636,10078,exit_chat,46.538,1,
10.502148,10091,chat_msg,311.353,1,
10.517653,10096,chat_msg,310.910,1,
10.517731,10086,chat_msg,311.330,1,
10.564226,10081,chat_msg,310.730,1,
10.564340,10079,exit_chat,45.791,1,
10.610536,10097,chat_msg,309.313,1,
10.610603,10087,chat_msg,309.023,1,
10.610647,10092,chat_msg,308.856,1,
10.625693,10082,chat_msg,309.018,1,
10.687623,10080,exit_chat,46.129,1,
10.703523,10098,chat_msg,309.775,1,
10.703584,10088,chat_msg,309.300,1,
10.735015,10093,chat_msg,309.420,1,
10.735087,10083,chat_msg,309.190,1,
10.797389,10099,chat_msg,310.575,1,
10.797488,10081,exit_chat,31.872,1,
10.828600,10089,chat_msg,310.796,1,
10.828659,10094,chat_msg,310.499,1,
10.828702,10084,chat_msg,310.339,1,
10.874140,10082,exit_chat,45.917,1,
10.905904,10095,chat_msg,311.008,1,
10.905989,10090,chat_msg,310.622,1,
10.938050,10085,chat_msg,296.944,1,
10.983446,10083,exit_chat,45.629,1,
11.014662,10091,chat_msg,311.552,1,
11.030849,10086,chat_msg,310.888,1,
11.030922,10096,chat_msg,311.464,1,
11.077580,10084,exit_chat,46.942,1,
11.124797,10097,chat_msg,312.198,1,
11.124881,10092,chat_msg,311.516,1,
11.124938,10087,chat_msg,311.848,1,
11.187057,10085,exit_chat,46.407,1,
11.203080,10098,chat_msg,298.099,1,
11.203195,10088,chat_msg,297.603,1,
11.235305,10093,chat_msg,297.882,1,
11.266941,10086,exit_chat,32.332,1,
11.297971,10099,chat_msg,298.614,1,
11.330345,10089,chat_msg,300.298,1,
11.330407,10094,chat_msg,299.977,1,
11.375892,10087,exit_chat,45.800,1,
11.407315,10090,chat_msg,297.864,1,
11.407378,10095,chat_msg,298.423,1,
11.438651,10088,exit_chat,31.584,1,
11.530898,10091,chat_msg,312.357,1,
11.531571,10096,chat_msg,296.582,1,
11.577925,10089,exit_chat,46.935,1,
11.640792,10092,chat_msg,310.953,1,
11.640868,10097,chat_msg,311.492,1,
11.656812,10090,exit_chat,47.169,1,
11.703276,10098,chat_msg,296.674,1,
11.734972,10093,chat_msg,297.501,1,
11.781491,10091,exit_chat,47.151,1,
11.796689,10099,chat_msg,297.137,1,
11.843909,10094,chat_msg,312.555,1,
11.889087,10092,exit_chat,45.956,1,
11.919590,10095,chat_msg,309.504,1,
11.996840,10093,exit_chat,46.564,1,
12.043738,10096,chat_msg,308.977,1,
12.105829,10094,exit_chat,46.154,1,
12.153344,10097,chat_msg,309.721,1,
12.153433,10095,exit_chat,31.582,1,
12.217076,10098,chat_msg,312.681,1,
12.294943,10096,exit_chat,46.328,1,
12.295035,10099,chat_msg,298.109,1,
12.403274,10097,exit_chat,45.899,1,
12.464336,10098,exit_chat,45.820,1,
12.555972,10099,exit_chat,45.857,1,
